ID0001,Implement order matching algorithm for buy/sell orders
ID0002,Design order book data structure for efficient price-time priority
ID0003,Integrate multiple exchange order books into unified matcher
ID0004,Handle partial order fills and remaining quantity tracking
ID0005,Implement market order execution against limit orders
ID0006,Design stop-loss order processing logic
ID0007,Add support for different order types (limit, market, stop)
ID0008,Implement order cancellation and modification features
ID0009,Design trade settlement and confirmation mechanisms
ID0010,Add real-time order book updates and notifications
ID0011,Implement order validation and risk checks
ID0012,Design high-frequency trading safeguards
ID0013,Add support for multiple trading pairs/currencies
ID0014,Implement order queue management for fair execution
ID0015,Design audit trail for all order matches and trades
ID0016,Add order routing between different exchange books
ID0017,Implement price discovery algorithms
ID0018,Design failover mechanisms for matcher engine
ID0019,Add performance monitoring and metrics collection
ID0020,Implement order book persistence and recovery