ID0001,Evaluate the Year 2038 problem (Y2K38) for Linux systems and propose mitigation strategies
ID0002,Assess microservices architecture for scalability in high-traffic applications
ID0003,Design API gateway patterns for secure service-to-service communication
ID0004,Review database sharding strategies for distributed systems
ID0005,Analyze container orchestration options (Kubernetes vs. Docker Swarm)
ID0006,Investigate event-driven architecture for real-time data processing
ID0007,Evaluate serverless computing for cost-effective backend services
ID0008,Design data pipeline architecture for big data analytics
ID0009,Assess security implications of adopting GraphQL APIs
ID0010,Review cloud migration strategies from on-premises to AWS/Azure
ID0011,Design fault-tolerant systems with circuit breaker patterns
ID0012,Analyze performance bottlenecks in legacy monolithic applications
ID0013,Evaluate blockchain integration for secure transaction logging
ID0014,Design CI/CD pipelines for automated deployment
ID0015,Assess IoT device integration with existing enterprise systems
ID0016,Review API versioning strategies for backward compatibility
ID0017,Design message queue architectures for asynchronous processing
ID0018,Evaluate edge computing for reduced latency in distributed apps
ID0019,Analyze data consistency models in distributed databases
ID0020,Design monitoring and logging strategies for microservices